rep.nb,leaf.nb,leaf,leaf.origin,mesh.type,site,leaf.deployment,weeks,land.use,watershed,air.weight,dry.weight,leaching.adj.dry.weight,foil.weight,foil.dry.ash,dry.weight,crucible.weight,subsample.dry,ash.plus.crucible,ash.content,AFDM.after,prct.mass.rem
D1,D9C,D9,nyakagera,fine,nyakagera,home,2,forest,dura,0.94,0.793404,0.62590254,0.7,1.21,0.51,8.2142,8.6928,8.3944,0.376514835,0.317977434,50.80302661
D10,D9A,D9,nyakagera,fine,nyakagera,home,4,forest,dura,0.81,0.682046,0.536805005,0.73,1.71,0.98,8.1868,9.0245,8.7765,0.703951295,0.290127731,54.04713596
D11,D12B,D12,nyakagera,fine,nyakagera,home,1,forest,dura,1.28,1.084648,0.858926865,0.67,2.36,1.69,9.21,10.8412,9.8602,0.398602256,1.016362187,100
D12,D13D,D13,nyakagera,fine,nyakagera,home,3,forest,dura,1.26,1.067516,0.845219552,0.85,1.67,0.82,10.2133,11.0664,10.5223,0.362208416,0.522989099,61.87612409
D13,D13B,D13,nyakagera,fine,nyakagera,home,2,forest,dura,1.44,1.221704,0.96858537,0.77,3.02,2.25,9.4317,11.6498,10.6084,0.530499076,1.056377079,100
D14,D12C,D12,nyakagera,fine,miranga,away,1,farm,dura,0.94,0.793404,0.62590254,0.94,1.89,0.95,9.6219,10.4783,9.9137,0.340728631,0.6263078,100
D15,D7D,D7,nyakagera,fine,miranga,away,1,farm,dura,0.67,0.562122,0.440853812,0.66,1.76,1.1,10.671,11.3778,10.9073,0.334323713,0.732243916,100
D16,D7B,D7,nyakagera,fine,miranga,away,1,farm,dura,0.98,0.827668,0.653317167,0.84,1.9,1.06,9.059,9.6954,9.2067,0.232086738,0.813988058,100
D17,D9D,D9,nyakagera,fine,miranga,away,2,farm,dura,1.14,0.964724,0.762975672,0.76,2.1,1.34,8.7454,9.8273,9.283,0.496903596,0.674149182,88.35788694
D18,D4D,D4,nyakagera,fine,miranga,away,1,farm,dura,0.94,0.793404,0.62590254,0.86,1.91,1.05,8.6326,9.21,8.7933,0.278316592,0.757767579,100
D19,D3A,D3,nyakagera,fine,miranga,away,4,farm,dura,0.93,0.784838,0.619048884,0.76,1.61,0.85,9.7322,10.5043,10.1023,0.479342054,0.442559254,71.49019497
D2,D13A,D13,nyakagera,fine,nyakagera,home,2,forest,dura,1.32,1.118912,0.886341491,0.89,1.92,1.03,9.2489,10.2563,9.5844,0.333035537,0.686973397,77.50662738
D20,D3D,D3,nyakagera,fine,miranga,away,2,farm,dura,0.94,0.793404,0.62590254,0.65,1.61,0.96,8.1847,9.2531,8.6226,0.409865219,0.56652939,90.5139943
D21,D13C,D13,nyakagera,fine,miranga,away,1,farm,dura,0.98,0.827668,0.653317167,0.86,2.06,1.2,9.5514,10.4524,9.9667,0.460932297,0.646881243,99.01488526
D22,D6A,D6,nyakagera,fine,nyakagera,home,1,forest,dura,1.15,0.97329,0.769829329,1.02,2.02,1,8.2744,9.0221,8.4258,0.202487629,0.797512371,100
D23,D3B,D3,nyakagera,fine,miranga,away,3,farm,dura,0.97,0.819102,0.64646351,0.62,1.61,0.99,9.5476,10.2984,9.8767,0.438332445,0.556050879,86.01427154
D24,D11C,D11,nyakagera,fine,miranga,away,4,farm,dura,0.75,0.63065,0.495683065,0.75,1.16,0.41,8.26,9.0426,8.3802,0.153590595,0.347027856,70.01002866
D25,D1D,D1,nyakagera,fine,miranga,away,2,farm,dura,1.01,0.853366,0.673878137,0.61,2.23,1.62,9.8565,11.1726,10.5671,0.539928577,0.745315705,100
D26,D9B,D9,nyakagera,fine,miranga,away,4,farm,dura,1.38,1.170308,0.927463431,0.68,1.3,0.62,8.6326,9.2345,8.6492,0.027579332,0.602900814,65.0053462
D27,D4C,D4,nyakagera,fine,miranga,away,3,farm,dura,0.97,0.819102,0.64646351,0.6,1.55,0.95,9.2414,10.0791,9.604,0.432851856,0.538790737,83.34433855
D28,D2D,D2,nyakagera,fine,miranga,away,4,farm,dura,0.71,0.596386,0.468268439,0.76,1.16,0.4,9.6811,10.1623,9.8082,0.264131338,0.294347465,62.85870249
D29,D3C,D3,nyakagera,fine,nyakagera,home,3,forest,dura,0.87,0.733442,0.577926944,1,1.54,0.54,8.7344,9.2713,9.0265,0.544049171,0.246213448,42.60286703
D3,D12A,D12,nyakagera,fine,nyakagera,home,4,forest,dura,1.15,0.97329,0.769829329,0.91,0.97,0.06,9.5514,9.7588,9.6481,0.466248795,0.032025072,4.160022373
D31,D6D,D6,nyakagera,fine,nyakagera,home,3,forest,dura,0.87,0.733442,0.577926944,0.84,1.55,0.71,8.6277,9.372,9.0624,0.584038694,0.295332527,51.10205194
D32,D6C,D6,nyakagera,fine,nyakagera,home,1,forest,dura,1.08,0.913328,0.721853733,1.2,2.67,1.47,9.5369,10.7411,10.0361,0.414549078,0.860612855,100
D33,D19A,D19,nyakagera,fine,nyakagera,home,3,forest,dura,0.85,0.71631,0.564219631,0.82,1.82,1,9.3665,10.2838,9.8166,0.490679167,0.509320833,90.26995959
D34,D5A,D5,nyakagera,fine,miranga,away,3,farm,dura,0.76,0.639216,0.502536722,0.63,1.4,0.77,10.8911,11.6295,11.23,0.45896533,0.416596696,82.89875698
D35,D6B,D6,nyakagera,fine,miranga,away,3,farm,dura,0.84,0.707744,0.557365974,0.65,1.66,1.01,9.2214,9.9853,9.5314,0.405812279,0.600129598,100
D36,D10B,D10,nyakagera,fine,miranga,away,4,farm,dura,0.73,0.613518,0.481975752,0.76,1.4,0.64,9.3646,9.958,9.631,0.448938322,0.352679474,73.17369658
D37,D10C,D10,nyakagera,fine,miranga,away,4,farm,dura,0.63,0.527858,0.413439186,0.63,1.23,0.6,9.3641,9.6234,9.4775,0.437331277,0.337601234,81.65680605
D38,D11B,D11,nyakagera,fine,miranga,away,2,farm,dura,0.8,0.67348,0.529951348,0.87,2.64,1.77,8.26,9.5054,9.1392,0.705957925,0.520454472,98.20797219
D39,D4B,D4,nyakagera,fine,nyakagera,home,4,forest,dura,1.35,1.14461,0.906902461,0.72,2.09,1.37,9.0029,10.0876,9.4879,0.447128238,0.757434314,83.51882878
D4,D8D,D8,nyakagera,fine,nyakagera,home,1,forest,dura,0.64,0.536424,0.420292842,0.86,1.8,0.94,9.3655,10.0825,9.6493,0.3958159,0.567933054,100
D40,D10A,D10,nyakagera,fine,nyakagera,home,4,forest,dura,0.55,0.45933,0.358609933,0.7,0.85,0.15,8.2865,8.4201,8.3648,0.586077844,0.062088323,17.31360948
D41,D4A,D4,nyakagera,coarse,miranga,away,3,farm,dura,0.78,0.656348,0.516244035,0.96,1.49,0.53,9.0987,9.936,9.5125,0.494207572,0.268069987,51.92698972
D42,D8A,D8,nyakagera,coarse,miranga,away,2,farm,dura,0.91,0.767706,0.605341571,0.48,2.52,2.04,10.6243,12.3116,11.6952,0.634682629,0.745247437,100
D43,D19B,D19,nyakagera,coarse,miranga,away,3,farm,dura,0.79,0.664914,0.523097691,0.61,1.84,1.23,8.1052,9.1322,8.7126,0.591431353,0.502539435,96.06990119
D44,D1B,D1,nyakagera,coarse,miranga,away,4,farm,dura,1.17,0.990422,0.783536642,0.66,2.02,1.36,8.6306,9.554,9.0059,0.406432749,0.807251462,100
D45,D7A,D7,nyakagera,coarse,miranga,away,3,farm,dura,0.81,0.682046,0.536805005,0.61,2.08,1.47,9.8057,11.1378,10.7159,0.683282036,0.465575407,86.73082465
D46,D5D,D5,nyakagera,coarse,miranga,away,3,farm,dura,0.92,0.776272,0.612195227,0.63,2.92,2.29,9.7314,10.2198,10.1023,0.759418509,0.550931613,89.99279788
D47,D5B,D5,nyakagera,coarse,miranga,away,3,farm,dura,0.93,0.784838,0.619048884,0.6,1.91,1.31,8.3206,9.5428,9.0561,0.601783669,0.521663394,84.26852992
D48,D20B,D20,nyakagera,coarse,miranga,away,1,farm,dura,0.9,0.75914,0.598487914,0.74,2.3,1.56,9.4415,10.4896,9.8981,0.435645454,0.880393092,100
D49,D20A,D20,nyakagera,coarse,miranga,away,2,farm,dura,0.83,0.699178,0.550512318,0.71,6.32,5.61,9.5398,11.9552,11.5707,0.840813116,0.89303842,100
D5,D8C,D8,nyakagera,fine,nyakagera,home,3,forest,dura,0.79,0.664914,0.523097691,0.81,1.98,1.17,8.7885,9.8098,9.3438,0.54371879,0.533849016,100
D50,D1C,D1,nyakagera,coarse,nyakagera,home,3,forest,dura,0.97,0.819102,0.64646351,0.92,0.64,0,9.5373,9.5421,9.5389,0.333333333,0,0
D51,D17B,D17,nyakagera,coarse,miranga,away,2,farm,dura,0.74,0.622084,0.488829408,0.88,1.84,0.96,9.9064,10.8734,10.3895,0.49958635,0.480397104,98.27500068
D52,D18C,D18,nyakagera,coarse,miranga,away,1,farm,dura,0.89,0.750574,0.591634257,0.87,2.41,1.54,10.2108,11.2108,10.7066,0.4958,0.776468,100
D53,D17C,D17,nyakagera,coarse,miranga,away,1,farm,dura,0.54,0.450764,0.351756276,0.69,1.98,1.29,9.4361,10.0416,9.8695,0.715772089,0.366654005,100
D54,D20D,D20,nyakagera,coarse,nyakagera,home,3,forest,dura,0.72,0.604952,0.475122095,1,2.34,1.34,9.1018,10.2616,10.1004,0.861010519,0.186245904,39.19958814
D55,D17D,D17,nyakagera,coarse,nyakagera,home,4,forest,dura,0.56,0.467896,0.36546359,0.75,0.69,0,8.6718,8.6726,8.6718,0,0,0
D56,D18B,D18,nyakagera,coarse,nyakagera,home,1,forest,dura,1.3,1.10178,0.872634178,0.86,2.38,1.52,8.2619,9.3781,8.689,0.38263752,0.938390969,100
D57,D2B,D2,nyakagera,coarse,nyakagera,home,3,forest,dura,0.8,0.67348,0.529951348,0.82,0.87,0.05,9.3625,9.4906,9.3973,0.271662763,0.036416862,6.871736805
D58,D18D,D18,nyakagera,coarse,nyakagera,home,4,forest,dura,0.72,0.604952,0.475122095,0.73,0.61,0,9.5764,9.5922,9.5804,0.253164557,0,0
D59,D18A,D18,nyakagera,coarse,miranga,away,2,farm,dura,1.14,0.964724,0.762975672,0.8,2.55,1.75,9.2411,10.7586,9.9848,0.490082372,0.892355848,100
D6,D11D,D11,nyakagera,fine,nyakagera,home,2,forest,dura,0.45,0.37367,0.290073367,0.77,1.16,0.39,8.0765,8.4731,8.2856,0.527231467,0.184379728,63.56313563
D60,D14A,D14,nyakagera,coarse,nyakagera,home,1,forest,dura,0.96,0.810536,0.639609854,0.81,1.67,0.86,8.8874,9.5721,9.0834,0.286256755,0.613819191,95.96775088
D61,D15A,D15,nyakagera,coarse,nyakagera,home,1,forest,dura,0.54,0.450764,0.351756276,0.95,1.59,0.64,9.7314,10.2937,9.9325,0.357638271,0.411111506,100
D62,D2A,D2,nyakagera,coarse,nyakagera,home,2,forest,dura,0.97,0.819102,0.64646351,0.6,1.44,0.84,9.7393,10.445,10.0312,0.413631855,0.492549242,76.19134477
D63,D15B,D15,nyakagera,coarse,nyakagera,home,3,forest,dura,0.6,0.50216,0.392878216,0.82,3.56,2.74,8.2589,10.9218,10.7042,0.918284577,0.223900259,56.98973626
D64,D17A,D17,nyakagera,coarse,miranga,away,4,farm,dura,0.49,0.407934,0.317487993,0.63,1.08,0.45,9.2408,9.7113,9.4574,0.460361318,0.242837407,76.48711512
D65,D19D,D19,nyakagera,coarse,nyakagera,home,4,forest,dura,0.7,0.58782,0.461414782,0.72,0.66,0,9.1019,9.1228,9.1092,0.349282297,0,0
D66,D19C,D19,nyakagera,coarse,nyakagera,home,4,forest,dura,0.98,0.827668,0.653317167,0.78,0.74,0,9.6212,9.6523,9.6287,0.241157556,0,0
D67,D14D,D14,nyakagera,coarse,nyakagera,home,3,forest,dura,0.84,0.707744,0.557365974,0.82,0.98,0.16,9.2337,9.4846,9.3369,0.411319251,0.09418892,16.89893611
D68,D16D,D16,nyakagera,coarse,miranga,away,4,farm,dura,0.73,0.613518,0.481975752,0.64,1.66,1.02,9.2411,10.2194,9.7431,0.51313503,0.496602269,100
D69,D15C,D15,nyakagera,coarse,nyakagera,home,4,forest,dura,0.72,0.604952,0.475122095,0.85,0.74,0,9.2037,9.2109,9.2041,0.055555556,0,0
D7,D11A,D11,nyakagera,fine,nyakagera,home,3,forest,dura,0.81,0.682046,0.536805005,0.82,1.65,0.83,9.3655,10.1496,9.7577,0.500191302,0.414841219,77.27968549
D70,D20C,D20,nyakagera,coarse,nyakagera,home,2,forest,dura,0.7,0.58782,0.461414782,0.76,0.89,0.13,8.6259,8.8083,8.7042,0.429276316,0.074194079,16.07969268
D71,D16B,D16,nyakagera,coarse,nyakagera,home,2,forest,dura,0.96,0.810536,0.639609854,0.95,1.12,0.17,9.7279,10.3035,9.9967,0.466990966,0.090611536,14.16668853
D72,D15D,D15,nyakagera,coarse,miranga,away,4,farm,dura,0.68,0.570688,0.447707469,0.67,1.1,0.43,9.3573,9.8307,9.5321,0.369243768,0.27122518,60.58089231
D73,D14B,D14,nyakagera,coarse,nyakagera,home,1,forest,dura,1.14,0.964724,0.762975672,0.92,2.35,1.43,8.6736,9.635,9.105,0.448720616,0.788329519,100
D74,D1A,D1,nyakagera,coarse,miranga,away,1,farm,dura,0.79,0.664914,0.523097691,0.84,2.38,1.54,9.8177,11.0784,10.5192,0.5564369,0.683087174,100
D75,D8B,D8,nyakagera,coarse,nyakagera,home,3,forest,dura,0.84,0.707744,0.557365974,0.96,1.38,0.42,9.6798,10.1582,9.99,0.648411371,0.147667224,26.49376368
D76,D2C,D2,nyakagera,coarse,nyakagera,home,2,forest,dura,0.71,0.596386,0.468268439,0.76,1.51,0.75,8.6307,9.335,9.0156,0.546500071,0.340124947,72.63460843
D77,D16C,D16,nyakagera,coarse,nyakagera,home,2,forest,dura,0.76,0.639216,0.502536722,0.86,1.85,0.99,10.6373,11.5825,11.1399,0.531739314,0.463578079,92.24760277
D78,D16A,D16,nyakagera,coarse,miranga,away,1,farm,dura,0.85,0.71631,0.564219631,0.87,2.85,1.98,9.5543,11.0751,10.4714,0.603037875,0.785985008,100
D79,D5C,D5,nyakagera,coarse,miranga,away,4,farm,dura,0.67,0.562122,0.440853812,0.76,1.62,0.86,8.9503,9.7727,9.5041,0.673394942,0.28088035,63.71280965
D8,D12D,D12,nyakagera,fine,nyakagera,home,2,forest,dura,0.91,0.767706,0.605341571,0.77,1.45,0.68,9.536,10.1931,9.8062,0.41120073,0.400383503,66.14174917
D80,D14C,D14,nyakagera,coarse,miranga,away,4,farm,dura,0.89,0.750574,0.591634257,0.74,1.8,1.06,9.2081,10.1881,9.83,0.634591837,0.387332653,65.46825986
D9,D10D,D10,nyakagera,fine,nyakagera,home,4,forest,dura,0.6,0.50216,0.392878216,0.76,0.71,0,10.8884,10.9273,10.9082,0.508997429,0,0
E1,E19C,E19,bugembe,fine,mikana,away,2,forest,mpanga,1.27,1.076082,0.852073208,0.86,1.92,1.06,10.2166,11.1174,10.6072,0.433614565,0.600368561,70.45973932
E10,E19B,E19,bugembe,fine,mikana,away,4,forest,mpanga,1.15,0.97329,0.769829329,0.77,1.6,0.83,8.6733,9.5137,9.2311,0.663731556,0.279102808,36.25515392
E11,E13B,E13,bugembe,fine,mikana,away,1,forest,mpanga,2.01,1.709966,1.359243797,1.34,2.86,1.52,9.2771,10.6174,9.6101,0.248451839,1.142353205,84.04328991
E12,E14D,E14,bugembe,fine,mikana,away,3,forest,mpanga,1.49,1.264534,1.002853653,0.69,1.87,1.18,9.6913,10.817,10.2664,0.510882118,0.577159101,57.55167756
E13,E20A,E20,bugembe,fine,mikana,away,2,forest,mpanga,1.3,1.10178,0.872634178,0.79,1.82,1.03,9.4288,10.4238,9.8871,0.460603015,0.555578894,63.66687307
E14,E18B,E18,bugembe,fine,mikana,away,3,forest,mpanga,1.09,0.921894,0.728707389,0.69,1.4,0.71,9.9054,10.5615,10.2697,0.555250724,0.315771986,43.33316645
E15,E20B,E20,bugembe,fine,bugembe,home,2,farm,mpanga,0.88,0.742008,0.584780601,0.83,2.52,1.69,9.2429,10.6345,10.316667,0.771606065,0.38598575,66.00522481
E16,E18D,E18,bugembe,fine,bugembe,home,4,farm,mpanga,1.04,0.879064,0.694439106,0.63,1.32,0.69,9.2213,9.8093,9.5809,0.611564626,0.268020408,38.59523545
E17,E20D,E20,bugembe,fine,bugembe,home,3,farm,mpanga,0.88,0.742008,0.584780601,0.87,1.69,0.82,9.9046,10.5725,10.3172,0.617757149,0.313439138,53.59944177
E18,E19A,E19,bugembe,fine,mikana,away,4,forest,mpanga,1.39,1.178874,0.934317087,0.82,2.31,1.49,8.7893,10.1438,9.5673,0.574381691,0.634171281,67.8753808
E19,E1B,E1,bugembe,fine,bugembe,home,1,farm,mpanga,1.77,1.504382,1.194756038,0.85,1.88,1.03,9.1041,10.1854,9.4311,0.302413761,0.718513826,60.13895749
E2,E14B,E14,bugembe,fine,bugembe,home,2,farm,mpanga,1.79,1.521514,1.208463351,1.11,3.22,2.11,9.2514,11.2938,10.5234,0.62279671,0.795898942,65.86041203
E20,E1D,E1,bugembe,fine,bugembe,home,1,farm,mpanga,1.16,0.981856,0.776682986,0.95,1.99,1.04,9.4413,10.542,9.9215,0.43626783,0.586281457,75.48529685
E21,E1C,E1,bugembe,fine,bugembe,home,1,farm,mpanga,1.39,1.178874,0.934317087,0.95,1.71,0.76,9.5479,10.1368,9.7122,0.278994736,0.547964001,58.6486117
E22,E11B,E11,bugembe,fine,mikana,away,1,forest,mpanga,1.55,1.31593,1.043975593,1.12,2.11,0.99,8.2741,8.8511,8.3754,0.175563258,0.816192374,78.18117395
E23,E12B,E12,bugembe,fine,bugembe,home,2,farm,mpanga,1.87,1.590042,1.263292604,0.87,2.16,1.29,9.2794,10.4378,9.689,0.35359116,0.833867403,66.0074634
E24,E11C,E11,bugembe,fine,bugembe,home,2,farm,mpanga,1.06,0.896196,0.70814642,0.93,1.93,1,9.497,10.1782,9.9306,0.636523782,0.363476218,51.32783396
E25,E15A,E15,bugembe,fine,bugembe,home,3,farm,mpanga,1.87,1.590042,1.263292604,0.76,1.84,1.08,9.5753,10.3315,10.0121,0.577624967,0.456165036,36.10921446
E26,E17B,E17,bugembe,fine,mikana,away,2,forest,mpanga,1.11,0.939026,0.742414703,0.74,1.63,0.89,9.1112,9.937,9.4892,0.457737951,0.482613224,65.00588173
E27,E18A,E18,bugembe,fine,bugembe,home,3,farm,mpanga,1.26,1.067516,0.845219552,0.82,2.61,1.79,8.7373,10.3306,9.899,0.729115672,0.484882947,57.36769179
E28,E14C,E14,bugembe,fine,mikana,away,4,forest,mpanga,1.66,1.410156,1.119365816,0.83,2.79,1.96,8.0788,9.9802,9.333,0.659619228,0.667146313,59.600383
E29,E14A,E14,bugembe,fine,bugembe,home,3,farm,mpanga,2.06,1.752796,1.39351208,0.69,2.44,1.75,9.5463,10.8888,10.2862,0.55113594,0.785512104,56.36923539
E3,E12A,E12,bugembe,fine,bugembe,home,1,farm,mpanga,1.33,1.127478,0.893195148,0.97,2.6,1.63,9.2186,10.0149,9.5531,0.420067814,0.945289464,100
E30,E17C,E17,bugembe,fine,mikana,away,2,forest,mpanga,0.97,0.819102,0.64646351,0.76,1.73,0.97,8.7368,9.549,9.2003,0.570672248,0.416447919,64.41940073
E31,E17A,E17,bugembe,fine,mikana,away,3,forest,mpanga,1.17,0.990422,0.783536642,0.96,2.1,1.14,10.2129,11.367,10.8765,0.574993501,0.484507408,61.83596047
E32,E12D,E12,bugembe,fine,bugembe,home,4,farm,mpanga,1.45,1.23027,0.975439027,0.7,1.41,0.71,9.2429,9.9696,9.5937,0.48273015,0.367261594,37.65090214
E33,E13A,E13,bugembe,fine,mikana,away,3,forest,mpanga,1.56,1.324496,1.05082925,0.75,2.16,1.41,9.2794,10.6671,9.9777,0.503206745,0.70047849,66.65959192
E34,E15D,E15,bugembe,fine,mikana,away,2,forest,mpanga,1.02,0.861932,0.680731793,0.77,1.47,0.7,9.6789,10.3376,9.9517,0.414149082,0.410095643,60.24335091
E35,E15C,E15,bugembe,fine,mikana,away,4,forest,mpanga,1.26,1.067516,0.845219552,0.95,1.96,1.01,9.279,10.3627,10.0335,0.696225893,0.306811848,36.29966294
E36,E16A,E16,bugembe,fine,bugembe,home,3,farm,mpanga,1.28,1.084648,0.858926865,0.84,2.28,1.44,8.1737,9.253,8.9014,0.674233299,0.469104049,54.61513292
E37,E8A,E8,bugembe,fine,mikana,away,1,forest,mpanga,1.24,1.050384,0.831512238,1.45,2.36,0.91,9.1053,9.9154,9.2543,0.18392791,0.742625602,89.31024313
E38,E18C,E18,bugembe,fine,mikana,away,3,forest,mpanga,1,0.8448,0.66702448,0.83,2.34,1.51,8.6732,10.2605,9.9462,0.801990802,0.298993889,44.82502486
E39,E16D,E16,bugembe,fine,bugembe,home,1,farm,mpanga,1.15,0.97329,0.769829329,0.92,1.87,0.95,9.2504,9.9913,9.5492,0.403293292,0.566871373,73.63598025
E4,E19D,E19,bugembe,fine,mikana,away,2,forest,mpanga,1.29,1.093214,0.865780521,0.87,1.28,0.41,9.5561,10.0021,9.7777,0.496860987,0.206286996,23.82670786
E40,E16B,E16,bugembe,fine,bugembe,home,4,farm,mpanga,1.28,1.084648,0.858926865,0.69,1.31,0.62,8.6267,9.2216,8.9142,0.4832745,0.32036981,37.29884617
E41,E2C,E2,bugembe,coarse,mikana,away,4,forest,mpanga,1.15,0.97329,0.769829329,0.74,0.84,0.1,9.815,9.933,9.9228,0.913559322,0.008644068,1.122855089
E43,E8C,E8,bugembe,coarse,bugembe,home,2,farm,mpanga,1.25,1.05895,0.838365895,0.76,5.54,4.78,9.2069,12.3294,11.5147,0.73908727,1.24716285,100
E44,E3D,E3,bugembe,coarse,mikana,away,4,forest,mpanga,1.74,1.478684,1.174195068,0.81,1.1,0.29,9.2493,9.68,9.5269,0.644532157,0.103085674,8.77926311
E45,E2D,E2,bugembe,coarse,bugembe,home,1,farm,mpanga,0.86,0.724876,0.571073288,0.85,3.5,2.65,9.6325,11.623,11.2581,0.816679226,0.48580005,85.06789948
E46,E8B,E8,bugembe,coarse,bugembe,home,4,farm,mpanga,1.66,1.410156,1.119365816,0.66,2.92,2.26,9.0612,10.385,10.0092,0.71612026,0.641568213,57.31533014
E47,E2A,E2,bugembe,coarse,bugembe,home,1,farm,mpanga,1.29,1.093214,0.865780521,0.81,2.09,1.28,10.624,11.6936,11.1188,0.462602842,0.687868362,79.45066273
E48,E9C,E9,bugembe,coarse,bugembe,home,1,farm,mpanga,1.26,1.067516,0.845219552,0.78,3.27,2.49,8.8968,9.9362,9.5464,0.624975948,0.93380989,100
E49,E9B,E9,bugembe,coarse,bugembe,home,4,farm,mpanga,1.42,1.204572,0.954878057,0.58,4.25,3.67,9.1038,11.3788,10.9934,0.830593407,0.621722198,65.11011465
E5,E16C,E16,bugembe,fine,bugembe,home,2,farm,mpanga,1.11,0.939026,0.742414703,0.88,1.97,1.09,8.7891,9.8844,9.398,0.555920752,0.48404638,65.19892161
E50,E17D,E17,bugembe,coarse,bugembe,home,3,farm,mpanga,0.94,0.793404,0.62590254,0.74,1.71,0.97,9.8071,10.6363,10.3542,0.659792571,0.330001206,52.72405601
E51,E10B,E10,bugembe,coarse,bugembe,home,3,farm,mpanga,1.75,1.48725,1.181048725,0.76,3.84,3.08,9.2805,10.7311,10.3509,0.737901558,0.807263201,68.35138842
E52,E10A,E10,bugembe,coarse,bugembe,home,2,farm,mpanga,1.28,1.084648,0.858926865,0.74,2.16,1.42,8.7889,10.0154,9.486,0.568365267,0.612921321,71.358965
E53,E10C,E10,bugembe,coarse,bugembe,home,1,farm,mpanga,1.09,0.921894,0.728707389,0.84,1.86,1.02,10.6838,11.3494,10.9909,0.461388221,0.549384014,75.39158
E54,E12C,E12,bugembe,coarse,mikana,away,1,forest,mpanga,1.18,0.998988,0.790390299,1.33,2.45,1.12,10.6827,11.3614,10.9119,0.337704435,0.741771033,93.84870158
E55,E10D,E10,bugembe,coarse,mikana,away,1,forest,mpanga,1.15,0.97329,0.769829329,1.15,2.76,1.61,9.2904,10.4337,9.7658,0.415813872,0.940539666,100
E56,E11D,E11,bugembe,coarse,mikana,away,1,forest,mpanga,1.29,1.093214,0.865780521,1.42,3.21,1.79,9.2783,10.6145,9.8458,0.424711869,1.029765754,100
E57,E9D,E9,bugembe,coarse,bugembe,home,3,farm,mpanga,1.36,1.153176,0.913756118,0.66,1.78,1.12,9.8044,10.8225,10.2955,0.482369119,0.579746587,63.4465341
E58,E15B,E15,bugembe,coarse,bugembe,home,3,farm,mpanga,1.44,1.221704,0.96858537,0.72,1.88,1.16,9.2401,10.3712,9.8649,0.552382636,0.519236142,53.60767958
E59,E6B,E6,bugembe,coarse,bugembe,home,1,farm,mpanga,1.26,1.067516,0.845219552,0.94,2.09,1.15,9.8079,10.8714,10.2021,0.370662906,0.723737659,85.62717903
E6,E1A,E1,bugembe,fine,bugembe,home,4,farm,mpanga,1.58,1.341628,1.064536563,0.64,1.93,1.29,8.8878,9.9488,9.6196,0.689726673,0.400252592,37.59876418
E60,E6A,E6,bugembe,coarse,mikana,away,2,forest,mpanga,1.14,0.964724,0.762975672,0.7,0.95,0.25,8.3217,8.63,8.4732,0.491404476,0.127148881,16.66486699
E61,E7C,E7,bugembe,coarse,mikana,away,2,forest,mpanga,1.4,1.18744,0.941170744,0.77,0.75,0,8.2588,8.2829,8.2661,0.302904564,0,0
E62,E5A,E5,bugembe,coarse,mikana,away,2,forest,mpanga,1.15,0.97329,0.769829329,0.81,1.12,0.31,8.6257,8.9057,8.7751,0.533571429,0.144592857,18.78245628
E63,E7A,E7,bugembe,coarse,bugembe,home,4,farm,mpanga,1.43,1.213138,0.961731714,0.68,1.61,0.93,9.3606,10.355,9.9128,0.555309735,0.413561947,43.00179987
E64,E5D,E5,bugembe,coarse,mikana,away,4,forest,mpanga,0.82,0.690612,0.543658661,0.73,0.68,0,9.9053,9.9146,9.9106,0.569892473,0,0
E65,E6C,E6,bugembe,coarse,mikana,away,3,forest,mpanga,0.97,0.819102,0.64646351,1.09,2.01,0.92,9.0525,9.9793,9.7259,0.726586103,0.251540785,38.91028365
E66,E4A,E4,bugembe,coarse,mikana,away,2,forest,mpanga,1.9,1.61574,1.283853574,0.82,4.06,3.24,9.5561,12.1774,11.6157,0.785717011,0.694276886,54.07757548
E67,E7B,E7,bugembe,coarse,mikana,away,2,forest,mpanga,1.01,0.853366,0.673878137,0.68,1.19,0.51,8.0776,8.5668,8.3833,0.624897792,0.191302126,28.38823751
E68,E5B,E5,bugembe,coarse,mikana,away,3,forest,mpanga,1.02,0.861932,0.680731793,0.79,0.99,0.2,10.5179,10.7124,10.6292,0.572236504,0.085552699,12.5677543
E69,E4B,E4,bugembe,coarse,bugembe,home,4,farm,mpanga,1.48,1.255968,0.995999997,0.73,1.94,1.21,9.4314,10.4834,10.167,0.699239544,0.363920152,36.538168
E7,E20C,E20,bugembe,fine,bugembe,home,3,farm,mpanga,1.18,0.998988,0.790390299,0.84,1.85,1.01,9.2204,11.8304,11.3032,0.798007663,0.204012261,25.81158459
E70,E3C,E3,bugembe,coarse,mikana,away,4,forest,mpanga,1.08,0.913328,0.721853733,1.25,1.36,0.11,10.8884,11.1923,11.0925,0.671602501,0.036123725,5.0042998
E71,E8D,E8,bugembe,coarse,bugembe,home,2,farm,mpanga,1.03,0.870498,0.68758545,1,3.66,2.66,9.5461,10.0141,9.9028,0.762179487,0.632602564,92.00348325
E72,E3A,E3,bugembe,coarse,mikana,away,3,forest,mpanga,1.36,1.153176,0.913756118,0.7,1.22,0.52,9.0943,9.6132,9.3355,0.464829447,0.278288688,30.45546643
E73,E4D,E4,bugembe,coarse,mikana,away,3,forest,mpanga,1.57,1.333062,1.057682906,0.77,1.19,0.42,9.2047,9.5983,9.4213,0.550304878,0.188871951,17.85714321
E74,E7D,E7,bugembe,coarse,mikana,away,2,forest,mpanga,0.98,0.827668,0.653317167,0.77,1.75,0.98,8.1121,8.9692,8.8472,0.85765955,0.139493641,21.35159589
E75,E3B,E3,bugembe,coarse,mikana,away,3,forest,mpanga,1.82,1.547212,1.229024321,0.94,1.72,0.78,9.2488,9.9539,9.6832,0.616082825,0.299455396,24.36529459
E76,E4C,E4,bugembe,coarse,mikana,away,1,forest,mpanga,1.58,1.341628,1.064536563,1.28,2.54,1.26,10.5299,11.3983,10.8361,0.352602487,0.815720866,76.62685289
E77,E9A,E9,bugembe,coarse,bugembe,home,2,farm,mpanga,1.48,1.255968,0.995999997,0.9,3.72,2.82,9.2228,11.2255,10.4764,0.625954961,1.054807011,100
E78,E2B,E2,bugembe,coarse,mikana,away,3,forest,mpanga,0.92,0.776272,0.612195227,0.75,0.86,0.11,8.6314,8.7895,8.7202,0.561669829,0.048216319,7.875971037
E79,E5C,E5,bugembe,coarse,mikana,away,1,forest,mpanga,1.06,0.896196,0.70814642,0.8,1.99,1.19,9.4382,10.4765,9.895,0.439949918,0.666459597,94.11324819
E8,E13C,E13,bugembe,fine,mikana,away,1,forest,mpanga,1.43,1.213138,0.961731714,1.29,2.24,0.95,10.2158,11.2492,10.4458,0.222566286,0.738562028,76.7950165
E80,E6D,E6,bugembe,coarse,bugembe,home,1,farm,mpanga,0.9,0.75914,0.598487914,0.83,1.76,0.93,9.7271,10.581,10.0914,0.426630753,0.5332334,89.09676991
E9,E13D,E13,bugembe,fine,mikana,away,3,forest,mpanga,1.44,1.221704,0.96858537,0.81,2.32,1.51,9.2802,10.7282,10.055,0.535082873,0.702024862,72.47939968
M1,M17C,M17,mikana,fine,mikana,home,4,forest,mpanga,1.75,1.48725,1.181048725,0.74,2.48,1.74,9.208,10.7429,10.063,0.557039547,0.770751189,65.25989764
M10,M12C,M12,mikana,fine,bugembe,away,1,farm,mpanga,1.38,1.170308,0.927463431,1.08,2.3,1.22,9.2777,10.1566,9.5053,0.258960064,0.904068722,97.47756
M11,M16A,M16,mikana,fine,mikana,home,4,forest,mpanga,0.69,0.579254,0.454561125,0.78,0.98,0.2,8.8862,9.2503,9.0417,0.427080472,0.114583906,25.20759016
M12,M15B,M15,mikana,fine,mikana,home,3,forest,mpanga,0.83,0.699178,0.550512318,0.9,1.78,0.88,9.5459,10.2625,9.9686,0.589868825,0.360915434,65.55991979
M13,M11D,M11,mikana,fine,mikana,home,1,forest,mpanga,1.37,1.161742,0.920609774,1.4,2.15,0.75,9.5402,10.409,9.6639,0.142380295,0.643214779,69.86834129
M14,M3A,M3,mikana,fine,bugembe,away,4,farm,mpanga,1.02,0.861932,0.680731793,0.64,1.54,0.9,9.3672,10.1912,9.854,0.590776699,0.368300971,54.10368291
M15,M13B,M13,mikana,fine,bugembe,away,2,farm,mpanga,0.72,0.604952,0.475122095,0.78,1.39,0.61,8.2692,8.8044,8.538,0.502242152,0.303632287,63.90616014
M16,M15A,M15,mikana,fine,bugembe,away,4,farm,mpanga,0.94,0.793404,0.62590254,0.8,1.5,0.7,9.2622,9.9712,9.6398,0.5325811,0.32719323,52.27542769
M17,M20B,M20,mikana,fine,mikana,home,3,forest,mpanga,1.33,1.127478,0.893195148,0.77,1.93,1.16,10.5169,11.5363,11.2134,0.683245046,0.367435747,41.13723047
M18,M17B,M17,mikana,fine,bugembe,away,4,farm,mpanga,1.36,1.153176,0.913756118,0.8,1.73,0.93,10.6867,11.5265,11.1129,0.507501786,0.458023339,50.12533761
M19,M13C,M13,mikana,fine,bugembe,away,3,farm,mpanga,0.79,0.664914,0.523097691,0.96,1.5,0.54,10.5181,11.246,10.6707,0.209644182,0.426792142,81.5893759
M2,M19D,M19,mikana,fine,bugembe,away,1,farm,mpanga,0.69,0.579254,0.454561125,0.9,1.52,0.62,9.6819,10.2862,9.9294,0.409564786,0.366069833,80.5325868
M20,M12B,M12,mikana,fine,mikana,home,1,forest,mpanga,1.14,0.964724,0.762975672,1.18,2.1,0.92,8.6281,9.5034,8.7814,0.175139952,0.758871244,99.46204992
M21,M15C,M15,mikana,fine,bugembe,away,1,farm,mpanga,0.8,0.67348,0.529951348,0.94,1.57,0.63,9.2717,9.9807,9.5338,0.369675599,0.397104372,74.93223177
M22,M11C,M11,mikana,fine,mikana,home,2,forest,mpanga,1.28,1.084648,0.858926865,0.73,1.77,1.04,9.8056,10.8154,10.2268,0.417112299,0.606203209,70.57681316
M23,M20C,M20,mikana,fine,mikana,home,4,forest,mpanga,1.01,0.853366,0.673878137,0.67,1.25,0.58,10.6708,11.4276,11.1762,0.667811839,0.192669133,28.59109425
M24,M20A,M20,mikana,fine,bugembe,away,2,farm,mpanga,1.27,1.076082,0.852073208,0.85,1.73,0.88,9.2868,10.1109,9.6409,0.429680864,0.50188084,58.90114076
M25,M18A,M18,mikana,fine,bugembe,away,2,farm,mpanga,0.94,0.793404,0.62590254,0.92,2.51,1.59,9.6223,11.2036,10.5816,0.606652754,0.625422121,99.92324374
M26,M10B,M10,mikana,fine,mikana,home,1,forest,mpanga,1.43,1.213138,0.961731714,1.4,2.36,0.96,9.5473,10.1692,9.637,0.144235408,0.821534009,85.42236851
M27,M16C,M16,mikana,fine,bugembe,away,1,farm,mpanga,0.71,0.596386,0.468268439,0.85,1.56,0.71,9.7589,10.4174,9.9874,0.347000759,0.463629461,99.00933368
M28,M12A,M12,mikana,fine,bugembe,away,4,farm,mpanga,1.19,1.007554,0.797243955,0.7,1.47,0.77,9.6805,10.2084,10.0028,0.610532298,0.299890131,37.61585506
M29,M12D,M12,mikana,fine,mikana,home,2,forest,mpanga,1.31,1.110346,0.879487835,0.75,2.45,1.7,9.2492,10.8463,10.1361,0.555319016,0.755957673,85.95430699
M3,M19B,M19,mikana,fine,mikana,home,4,forest,mpanga,1.11,0.939026,0.742414703,0.79,2,1.21,10.6278,11.766,11.2851,0.577490775,0.511236162,68.86126589
M30,M19C,M19,mikana,fine,mikana,home,3,forest,mpanga,0.89,0.750574,0.591634257,0.81,1.18,0.37,10.6715,11.1119,10.9107,0.543142598,0.169037239,28.5712392
M31,M3D,M3,mikana,fine,bugembe,away,4,farm,mpanga,0.92,0.776272,0.612195227,0.75,1.47,0.72,9.6234,10.3376,10.0744,0.631475777,0.26533744,43.3419649
M32,M19A,M19,mikana,fine,mikana,home,1,forest,mpanga,0.98,0.827668,0.653317167,1.05,1.88,0.83,8.6743,9.4403,8.8278,0.200391645,0.663674935,100
M33,M20D,M20,mikana,fine,mikana,home,2,forest,mpanga,1.17,0.990422,0.783536642,0.95,1.78,0.83,9.3666,10.2138,9.714,0.410056657,0.489652975,62.49267081
M34,M18B,M18,mikana,fine,mikana,home,1,forest,mpanga,0.89,0.750574,0.591634257,1.07,1.81,0.74,9.2717,10.214,9.5359,0.280377799,0.532520429,90.00838306
M35,M14D,M14,mikana,fine,mikana,home,1,forest,mpanga,0.8,0.67348,0.529951348,1.45,2.1,0.65,9.5758,10.3112,9.7836,0.28256731,0.466331248,87.9951056
M36,M18C,M18,mikana,fine,bugembe,away,2,farm,mpanga,0.89,0.750574,0.591634257,0.96,1.59,0.63,9.8006,10.5145,10.1465,0.484521642,0.324751366,54.89056147
M37,M15D,M15,mikana,fine,mikana,home,2,forest,mpanga,0.47,0.390802,0.30378068,0.83,3.4,2.57,9.2868,9.9856,9.9319,0.923153978,0.197494276,65.01212512
M38,M11B,M11,mikana,fine,bugembe,away,3,farm,mpanga,1.49,1.264534,1.002853653,0.74,2.07,1.33,8.2754,9.4682,8.8595,0.489688129,0.678714789,67.67834832
M39,M14B,M14,mikana,fine,bugembe,away,2,farm,mpanga,0.89,0.750574,0.591634257,0.78,1.93,1.15,8.8007,9.8333,9.3252,0.50794112,0.565867713,95.64485246
M4,M17D,M17,mikana,fine,mikana,home,3,forest,mpanga,1.21,1.024686,0.810951269,0.92,1.83,0.91,9.8572,10.8362,10.2749,0.426659857,0.52173953,64.33673025
M40,M6B,M6,mikana,fine,mikana,home,4,forest,mpanga,0.94,0.793404,0.62590254,0.78,1.64,0.86,10.5192,11.3724,11.0989,0.6794421,0.275679794,44.04516293
M41,M4D,M4,mikana,coarse,bugembe,away,1,farm,mpanga,1.3,1.10178,0.872634178,0.88,3.11,2.23,9.3642,10.7182,10.1309,0.566248154,0.967266617,100
M42,M6D,M6,mikana,coarse,mikana,home,1,forest,mpanga,1.64,1.393024,1.105658502,0.9,2.09,1.19,9.0476,10.145,9.4206,0.339894296,0.785525788,71.04596822
M43,M9A,M9,mikana,coarse,bugembe,away,1,farm,mpanga,1.49,1.264534,1.002853653,1.07,2.9,1.83,9.3758,10.4876,9.9085,0.479132938,0.953186724,95.04743997
M44,M5C,M5,mikana,coarse,bugembe,away,3,farm,mpanga,1,0.8448,0.66702448,0.74,2.78,2.04,9.573,11.4126,10.935,0.740378343,0.52962818,79.40161057
M45,M3B,M3,mikana,coarse,bugembe,away,3,farm,mpanga,1.04,0.879064,0.694439106,0.61,1.55,0.94,8.4687,9.34,8.9742,0.580167566,0.394642488,56.82895514
M46,M2C,M2,mikana,coarse,bugembe,away,3,farm,mpanga,1.04,0.879064,0.694439106,0.65,1.31,0.66,8.3215,8.9298,8.6208,0.49202696,0.335262206,48.27812879
M47,M2D,M2,mikana,coarse,bugembe,away,4,farm,mpanga,0.82,0.690612,0.543658661,0.79,3.2,2.41,8.2595,10.5374,10.1095,0.812151543,0.452714781,83.27187875
M48,M4A,M4,mikana,coarse,bugembe,away,3,farm,mpanga,1.38,1.170308,0.927463431,0.77,2.82,2.05,9.9067,11.492,10.9708,0.67122942,0.673979688,72.66913886
M49,M2B,M2,mikana,coarse,mikana,home,4,forest,mpanga,0.89,0.750574,0.591634257,0.75,0.81,0.06,9.2752,9.4007,9.3595,0.671713147,0.019697211,3.329288477
M5,M18D,M18,mikana,fine,bugembe,away,1,farm,mpanga,0.83,0.699178,0.550512318,0.77,1.58,0.81,8.105,8.9685,8.4414,0.389577302,0.494442386,89.81495412
M50,M1D,M1,mikana,coarse,mikana,home,3,forest,mpanga,0.75,0.63065,0.495683065,0.9,0.87,0,9.2073,9.2858,9.249,0.531210191,0,0
M51,M9C,M9,mikana,coarse,mikana,home,4,forest,mpanga,1.02,0.861932,0.680731793,0.76,1.02,0.26,9.0135,9.4332,9.2975,0.676673815,0.084064808,12.34918202
M52,M10A,M10,mikana,coarse,mikana,home,4,forest,mpanga,1.24,1.050384,0.831512238,0.64,0.89,0.25,9.2357,9.447,9.3795,0.680548982,0.079862754,9.604519415
M53,M8A,M8,mikana,coarse,mikana,home,4,forest,mpanga,1.22,1.033252,0.817804925,0.9,0.85,0,9.2793,9.3561,9.3288,0.64453125,0,0
M54,M6C,M6,mikana,coarse,bugembe,away,4,farm,mpanga,1.26,1.067516,0.845219552,0.65,1.35,0.7,8.2718,8.904,8.6292,0.565327428,0.3042708,35.99902532
M55,M1B,M1,mikana,coarse,mikana,home,3,forest,mpanga,0.88,0.742008,0.584780601,0.76,2.49,1.73,9.7587,11.4734,11.0478,0.751793317,0.429397562,73.42883154
M56,M9D,M9,mikana,coarse,mikana,home,4,forest,mpanga,0.89,0.750574,0.591634257,0.88,0.72,0,10.6867,10.7127,10.7108,0.926923077,0,0
M57,M1A,M1,mikana,coarse,mikana,home,1,forest,mpanga,0.8,0.67348,0.529951348,1.33,2.08,0.75,8.7984,9.4989,9.0922,0.419414704,0.435438972,82.16583915
M58,M6A,M6,mikana,coarse,mikana,home,2,forest,mpanga,1.46,1.238836,0.982292684,0.75,2.94,2.19,8.079,9.9936,9.4826,0.73310352,0.584503291,59.50398494
M59,M10D,M10,mikana,coarse,bugembe,away,2,farm,mpanga,1.26,1.067516,0.845219552,0.81,2.37,1.56,9.0034,10.4221,9.8423,0.591315994,0.63754705,75.42975655
M6,M14C,M14,mikana,fine,bugembe,away,4,farm,mpanga,0.73,0.613518,0.481975752,0.78,1.12,0.34,9.4877,9.8817,9.6575,0.430964467,0.193472081,40.14145535
M60,M10C,M10,mikana,coarse,bugembe,away,1,farm,mpanga,1.28,1.084648,0.858926865,0.74,2.08,1.34,9.9162,10.7316,10.182,0.325974982,0.903193525,100
M61,M13A,M13,mikana,coarse,bugembe,away,2,farm,mpanga,0.66,0.553556,0.434000156,0.81,2.09,1.28,9.5461,10.696,10.3146,0.668318984,0.4245517,97.82293731
M62,M4B,M4,mikana,coarse,bugembe,away,2,farm,mpanga,1.26,1.067516,0.845219552,0.82,1.85,1.03,8.2149,9.1313,8.5902,0.40953732,0.60817656,71.95486182
M63,M5D,M5,mikana,coarse,bugembe,away,1,farm,mpanga,0.69,0.579254,0.454561125,1,1.93,0.93,10.2234,11.1122,10.6601,0.491336634,0.473056931,100
M64,M13D,M13,mikana,coarse,bugembe,away,3,farm,mpanga,0.67,0.562122,0.440853812,0.69,1.26,0.57,9.43,9.9773,9.702,0.4969852,0.286718436,65.0370776
M65,M7B,M7,mikana,coarse,bugembe,away,4,farm,mpanga,1.34,1.136044,0.900048804,0.77,2.27,1.5,9.7604,11.2166,10.74,0.672709793,0.490935311,54.54541006
M66,M8D,M8,mikana,coarse,mikana,home,2,forest,mpanga,1.57,1.333062,1.057682906,0.65,3.8,3.15,9.2415,11.995,11.2747,0.738405666,0.824022154,77.90824157
M67,M1C,M1,mikana,coarse,mikana,home,4,forest,mpanga,0.83,0.699178,0.550512318,0.92,0.96,0.04,9.0516,9.2097,9.1898,0.874130297,0.005034788,0.914564115
M68,M5B,M5,mikana,coarse,bugembe,away,3,farm,mpanga,1.08,0.913328,0.721853733,0.64,5.38,4.74,9.5565,12.4924,11.7573,0.749616813,1.186816308,100
M69,M7A,M7,mikana,coarse,bugembe,away,2,farm,mpanga,1.48,1.255968,0.995999997,0.81,2.84,2.03,8.9399,10.5148,9.7788,0.532668741,0.948682456,95.24924288
M7,M14A,M14,mikana,fine,bugembe,away,3,farm,mpanga,0.67,0.562122,0.440853812,0.77,1.22,0.45,10.6255,11.0668,10.8441,0.495354634,0.227090415,51.51150073
M70,M2A,M2,mikana,coarse,bugembe,away,2,farm,mpanga,1.06,0.896196,0.70814642,0.92,2.79,1.87,9.0483,10.6032,10.0395,0.637468648,0.677933629,95.73353905
M71,M8C,M8,mikana,coarse,mikana,home,3,forest,mpanga,1.48,1.255968,0.995999997,0.91,1.37,0.46,8.938,9.4047,9.1949,0.550460681,0.206788087,20.76185615
M72,M5A,M5,mikana,coarse,mikana,home,3,forest,mpanga,1.13,0.956158,0.756122016,1.04,1.89,0.85,9.6211,10.6589,10.3135,0.667180574,0.282896512,37.41413501
M73,M11A,M11,mikana,coarse,mikana,home,1,forest,mpanga,1.55,1.31593,1.043975593,0.93,2.6,1.67,8.2234,9.5704,8.6067,0.284558278,1.194787676,100
M74,M7D,M7,mikana,coarse,mikana,home,2,forest,mpanga,1.14,0.964724,0.762975672,0.74,0.76,0.02,9.2195,9.2429,9.2294,0.423076923,0.011538462,1.512297437
M75,M9B,M9,mikana,coarse,mikana,home,1,forest,mpanga,1.15,0.97329,0.769829329,1.07,2.33,1.26,9.4288,10.2682,9.8806,0.538241601,0.581815583,75.57721701
M76,M8B,M8,mikana,coarse,mikana,home,2,forest,mpanga,1.31,1.110346,0.879487835,0.75,0.83,0.08,8.1766,8.3078,8.2423,0.500762195,0.039939024,4.541168487
M77,M7C,M7,mikana,coarse,bugembe,away,4,farm,mpanga,1.21,1.024686,0.810951269,0.75,2.08,1.33,8.8872,9.9731,9.4705,0.537158118,0.615579703,75.90834706
M78,M4C,M4,mikana,coarse,bugembe,away,4,farm,mpanga,1.22,1.033252,0.817804925,0.75,1.51,0.76,8.8994,9.6382,9.4158,0.698971305,0.228781808,27.97510767
M79,M3C,M3,mikana,coarse,bugembe,away,2,farm,mpanga,0.88,0.742008,0.584780601,0.67,1.42,0.75,9.2752,10.8945,9.695,0.259247823,0.555564133,95.00385818
M8,M16D,M16,mikana,fine,mikana,home,4,forest,mpanga,0.78,0.656348,0.516244035,0.77,1.86,1.09,9.4402,10.4647,10.2228,0.763884822,0.257365544,49.85346596
M80,M16B,M16,mikana,coarse,mikana,home,1,forest,mpanga,1.23,1.041818,0.824658582,1.13,2.08,0.95,8.4685,9.4957,8.7739,0.297313084,0.66755257,80.94896298
M9,M17A,M17,mikana,fine,bugembe,away,3,farm,mpanga,1.55,1.31593,1.043975593,0.88,3.72,2.84,9.3746,12.0648,11.1779,0.670321909,0.936285778,89.68464247
V1,V3A,V3,miranga,fine,nyakagera,away,2,forest,dura,1.55,1.31593,1.043975593,0.86,2.24,1.38,9.8061,11.2029,10.3324,0.376789805,0.860030069,82.38028499
V10,V7C,V7,miranga,fine,nyakagera,away,1,forest,dura,1,0.8448,0.66702448,1.11,2.11,1,9.2422,9.846,9.3661,0.205200397,0.794799603,100
V11,V4D,V4,miranga,fine,nyakagera,away,1,forest,dura,1.25,1.05895,0.838365895,1.56,2.84,1.28,9.4382,10.4469,9.7503,0.309408149,0.883957569,100
V12,V2D,V2,miranga,fine,nyakagera,away,4,forest,dura,1.33,1.127478,0.893195148,0.72,1.12,0.4,9.3769,9.739,9.5933,0.597624965,0.160950014,18.01957995
V13,V3C,V3,miranga,fine,nyakagera,away,4,forest,dura,1.14,0.964724,0.762975672,0.72,1.16,0.44,9.693,10.0696,9.8697,0.469198088,0.233552841,30.61078481
V14,V3D,V3,miranga,fine,nyakagera,away,4,forest,dura,1.24,1.050384,0.831512238,0.71,1.04,0.33,9.5368,10.0385,9.7792,0.483157265,0.170558102,20.51179701
V15,V2C,V2,miranga,fine,nyakagera,away,4,forest,dura,1.51,1.281666,1.016560967,0.74,2.08,1.34,9.2635,10.584,9.9432,0.514729269,0.650262779,63.96692384
V16,V7B,V7,miranga,fine,nyakagera,away,3,forest,dura,1.2,1.01612,0.804097612,0.72,1.73,1.01,10.2134,12.1066,11.3754,0.613775618,0.390086626,48.51234726
V17,V1A,V1,miranga,fine,nyakagera,away,3,forest,dura,1.06,0.896196,0.70814642,0.9,3.53,2.63,10.6711,12.8654,12.0065,0.608576767,1.029443103,100
V18,V10B,V10,miranga,fine,nyakagera,away,1,forest,dura,0.87,0.733442,0.577926944,1.11,1.69,0.58,9.538,10.3478,9.8753,0.416522598,0.338416893,58.55703674
V19,V5D,V5,miranga,fine,miranga,home,4,farm,dura,0.9,0.75914,0.598487914,0.62,1.23,0.61,10.6713,11.0839,10.8155,0.349491032,0.39681047,66.30216933
V2,V4C,V4,miranga,fine,nyakagera,away,2,forest,dura,1.54,1.307364,1.037121936,0.82,2.57,1.75,9.6809,11.3647,10.3707,0.409668607,1.033079938,99.6102678
V20,V8D,V8,miranga,fine,nyakagera,away,1,forest,dura,1.26,1.067516,0.845219552,0.97,2.07,1.1,9.5481,10.1792,9.6775,0.205038821,0.874457297,100
V21,V8B,V8,miranga,fine,nyakagera,away,1,forest,dura,1.37,1.161742,0.920609774,1.08,2.48,1.4,9.2336,9.9681,9.4583,0.305922396,0.971708645,100
V22,V5C,V5,miranga,fine,miranga,home,4,farm,dura,1.03,0.870498,0.68758545,0.87,1.55,0.68,8.6307,9.3352,8.9907,0.51100071,0.332519517,48.3604645
V23,V10A,V10,miranga,fine,miranga,home,2,farm,dura,1.08,0.913328,0.721853733,0.7,1.48,0.78,9.3646,10.0505,9.5912,0.330368858,0.52231229,72.35708104
V24,V6C,V6,miranga,fine,miranga,home,1,farm,dura,1.36,1.153176,0.913756118,1.03,2.59,1.56,8.276,9.4745,8.695,0.349603671,1.014618273,100
V25,V6B,V6,miranga,fine,miranga,home,2,farm,dura,1.5,1.2731,1.00970731,0.63,4.37,3.74,9.3626,10.8422,10.347,0.66531495,1.251722087,100
V26,V9C,V9,miranga,fine,miranga,home,1,farm,dura,0.59,0.493594,0.386024559,0.83,1.54,0.71,9.364,10.0099,9.6266,0.406564484,0.421339217,100
V27,V9A,V9,miranga,fine,miranga,home,1,farm,dura,0.71,0.596386,0.468268439,0.89,1.53,0.64,10.8907,11.5272,11.102,0.33197172,0.427538099,91.30192508
V28,V5A,V5,miranga,fine,miranga,home,1,farm,dura,1.12,0.947592,0.749268359,1.06,2.06,1,8.1753,9.1393,8.4926,0.329149378,0.670850622,89.53409205
V29,V2A,V2,miranga,fine,miranga,home,1,farm,dura,1.62,1.375892,1.091951189,1.09,3.02,1.93,10.6727,11.4649,10.9076,0.296516031,1.35772406,100
V3,V4A,V4,miranga,fine,nyakagera,away,2,forest,dura,1.32,1.118912,0.886341491,0.85,1.9,1.05,8.1031,9.1188,8.4716,0.362803978,0.669055824,75.48510706
V30,V2B,V2,miranga,fine,miranga,home,2,farm,dura,1.73,1.470118,1.167341412,1.03,2.78,1.75,10.6727,11.8175,11.1532,0.419723969,1.015483054,86.99109306
V31,V10C,V10,miranga,fine,miranga,home,2,farm,dura,1.13,0.956158,0.756122016,0.87,2.02,1.15,8.628,9.6321,9.0892,0.459316801,0.621785679,82.23351069
V32,V12C,V12,miranga,fine,miranga,home,4,farm,dura,1.26,1.067516,0.845219552,0.79,1.61,0.82,9.9059,10.7933,10.3052,0.449966193,0.451027721,53.36219691
V33,V14C,V14,miranga,fine,miranga,home,4,farm,dura,1.32,1.118912,0.886341491,0.77,1.84,1.07,8.3324,9.3199,8.7633,0.43635443,0.603100759,68.043837
V34,V8C,V8,miranga,fine,miranga,home,3,farm,dura,0.95,0.80197,0.632756197,0.72,1.48,0.76,9.2197,9.9119,9.4958,0.398873158,0.4568564,72.2010155
V35,V9D,V9,miranga,fine,miranga,home,3,farm,dura,0.71,0.596386,0.468268439,0.73,0.98,0.25,10.5194,10.7958,10.6482,0.465991317,0.133502171,28.50975205
V36,V6A,V6,miranga,fine,miranga,home,3,farm,dura,1.61,1.367326,1.085097533,0.65,3.05,2.4,9.364,10.345,9.9756,0.623445464,0.903730887,83.2856826
V37,V9B,V9,miranga,fine,miranga,home,3,farm,dura,0.82,0.690612,0.543658661,0.69,1.5,0.81,9.3628,10.0337,9.7689,0.605306305,0.319701893,58.80562857
V38,V7D,V7,miranga,fine,miranga,home,2,farm,dura,0.85,0.71631,0.564219631,0.77,2.95,2.18,8.2584,10.9137,10.195,0.729333785,0.590052348,100
V39,V10D,V10,miranga,fine,miranga,home,2,farm,dura,0.87,0.733442,0.577926944,0.53,2.57,2.04,9.2912,11.1465,10.6782,0.747587991,0.514920498,89.0978528
V4,V4B,V4,miranga,fine,nyakagera,away,2,forest,dura,0.97,0.819102,0.64646351,0.77,1.52,0.75,9.4395,10.1427,9.6922,0.359357224,0.480482082,74.32470268
V40,V6D,V6,miranga,fine,miranga,home,3,farm,dura,1.05,0.88763,0.701292763,0.65,2.19,1.54,8.1042,9.3968,8.8941,0.611093919,0.598915364,85.4016177
V41,V11C,V11,miranga,coarse,nyakagera,away,1,forest,dura,1.38,1.170308,0.927463431,0.58,1.8,1.22,9.5745,10.691,9.9473,0.333900582,0.81264129,87.61976621
V42,V13B,V13,miranga,coarse,nyakagera,away,1,forest,dura,1.72,1.461552,1.160487755,0.88,2.57,1.69,9.804,11.0345,10.1802,0.305729378,1.173317351,100
V43,V5B,V5,miranga,coarse,nyakagera,away,2,forest,dura,1.2,1.01612,0.804097612,0.82,1.03,0.21,9.2076,9.4848,9.3572,0.53968254,0.096666667,12.02175771
V44,V14A,V14,miranga,coarse,nyakagera,away,3,forest,dura,1.54,1.307364,1.037121936,0.77,0.87,0.1,8.2745,8.4619,8.3703,0.511205977,0.048879402,4.712985102
V45,V14D,V14,miranga,coarse,nyakagera,away,1,forest,dura,1.73,1.470118,1.167341412,0.85,2.7,1.85,8.8878,10.0565,9.2737,0.330195944,1.239137503,100
V46,V11B,V11,miranga,coarse,nyakagera,away,2,forest,dura,0.68,0.570688,0.447707469,0.86,0.93,0.07,9.7307,9.9084,9.768,0.209904333,0.055306697,12.35331115
V47,V12D,V12,miranga,coarse,nyakagera,away,2,forest,dura,1.26,1.067516,0.845219552,0.81,2.01,1.2,9.0043,10.1137,9.5747,0.514151794,0.583017847,68.97827273
V48,V8A,V8,miranga,coarse,nyakagera,away,2,forest,dura,0.98,0.827668,0.653317167,0.85,1.41,0.56,9.9032,10.4669,10.1775,0.486606351,0.287500443,44.00625884
V49,V11A,V11,miranga,coarse,nyakagera,away,2,forest,dura,0.92,0.776272,0.612195227,0.91,1.94,1.03,8.3208,9.3485,9.0757,0.734552885,0.273410528,44.66067624
V5,V1D,V1,miranga,fine,nyakagera,away,2,forest,dura,1.09,0.921894,0.728707389,0.78,1.47,0.69,9.2785,9.8684,9.421,0.241566367,0.523319207,71.81472485
V50,V11D,V11,miranga,coarse,nyakagera,away,3,forest,dura,1.03,0.870498,0.68758545,0.69,0.87,0.18,9.444,9.444,9.444,0,0,0
V51,V13D,V13,miranga,coarse,nyakagera,away,4,forest,dura,1.52,1.290232,1.023414623,0.95,0.68,0,9.5498,9.5634,9.5573,0.551470588,0,0
V52,V12A,V12,miranga,coarse,nyakagera,away,4,forest,dura,1.2,1.01612,0.804097612,0.7,0.71,0.01,9.8561,9.8949,9.8819,0.664948454,0.003350515,0.416680191
V54,V15C,V15,miranga,coarse,miranga,home,1,farm,dura,1.28,1.084648,0.858926865,0.72,3.37,2.65,8.1762,10.0402,9.2761,0.590075107,1.086300966,100
V55,V13A,V13,miranga,coarse,nyakagera,away,3,forest,dura,1.4,1.18744,0.941170744,0.88,0.93,0.05,8.226,8.3101,8.2597,0.400713436,0.029964328,3.183729241
V56,V12B,V12,miranga,coarse,nyakagera,away,4,forest,dura,1.43,1.213138,0.961731714,0.74,0.73,0,9.101,9.12,9.1084,0.389473684,0,0
V58,V17C,V17,miranga,coarse,nyakagera,away,3,forest,dura,1.03,0.870498,0.68758545,0.72,0.66,0,9.2391,9.2515,9.2418,0.217741935,0,0
V59,V19D,V19,miranga,coarse,miranga,home,4,farm,dura,1.07,0.904762,0.715000076,0.77,1.47,0.7,9.8117,10.2348,9.9878,0.416213661,0.408650437,57.15390122
V6,V3B,V3,miranga,fine,nyakagera,away,3,forest,dura,1.81,1.538646,1.222170665,0.83,3.02,2.19,9.5583,11.7969,10.8234,0.565129992,0.952365318,77.92408582
V60,V15A,V15,miranga,coarse,nyakagera,away,1,forest,dura,1.8,1.53008,1.215317008,1.19,3.11,1.92,8.2843,9.5828,8.9576,0.518521371,0.924438968,76.06566533
V61,V15D,V15,miranga,coarse,nyakagera,away,1,forest,dura,1.36,1.153176,0.913756118,1.13,3.52,2.39,9.8558,11.4382,10.7642,0.574064712,1.017985339,100
V62,V18A,V18,miranga,coarse,miranga,home,2,farm,dura,1.1,0.93046,0.735561046,0.81,1.11,0.3,10.6726,11.014,10.8669,0.569127124,0.129261863,17.57323388
V63,V14B,V14,miranga,coarse,miranga,home,2,farm,dura,1.5,1.2731,1.00970731,0.64,3.96,3.32,9.3743,11.1243,10.4047,0.5888,1.365184,100
V64,V20C,V20,miranga,coarse,miranga,home,2,farm,dura,1.42,1.204572,0.954878057,0.65,2.44,1.79,8.1034,9.6077,8.8114,0.470650801,0.947535066,99.23100222
V65,V20B,V20,miranga,coarse,miranga,home,1,farm,dura,1.5,1.2731,1.00970731,0.91,2.82,1.91,9.769,10.4764,9.9778,0.295165394,1.346234097,100
V66,V16D,V16,miranga,coarse,nyakagera,away,1,forest,dura,1.21,1.024686,0.810951269,0.66,1.52,0.86,8.323,9.2295,8.7165,0.434087148,0.486685052,60.01409348
V68,V16C,V16,miranga,coarse,miranga,home,4,farm,dura,1.38,1.170308,0.927463431,0.79,1.95,1.16,8.2837,9.5291,8.9868,0.564557572,0.505113217,54.4617933
V69,V17A,V17,miranga,coarse,miranga,home,1,farm,dura,1.07,0.904762,0.715000076,0.82,2.64,1.82,9.8117,10.9427,10.4187,0.536693192,0.843218391,100
V7,V1C,V1,miranga,fine,nyakagera,away,1,forest,dura,0.86,0.724876,0.571073288,0.91,1.9,0.99,9.5838,10.4366,9.8534,0.316135084,0.677026266,100
V70,V17D,V17,miranga,coarse,miranga,home,3,farm,dura,0.86,0.724876,0.571073288,0.69,1.54,0.85,10.5175,11.3248,11.0605,0.672612412,0.27827945,48.72920097
V71,V18D,V18,miranga,coarse,miranga,home,4,farm,dura,1.1,0.93046,0.735561046,0.7,2.39,1.69,10.5201,12.1162,11.7165,0.749577094,0.423214711,57.5363137
V72,V15B,V15,miranga,coarse,miranga,home,3,farm,dura,1.95,1.65857,1.318121857,0.68,2.25,1.57,10.624,12.0756,11.6515,0.707839625,0.458691788,34.79889101
V73,V18B,V18,miranga,coarse,miranga,home,1,farm,dura,1.13,0.956158,0.756122016,0.89,2.6,1.71,9.2227,10.8416,10.2334,0.624312805,0.642425103,84.96315278
V74,V17B,V17,miranga,coarse,miranga,home,2,farm,dura,1.24,1.050384,0.831512238,0.4,3.74,3.34,9.0083,12.1162,11.5665,0.823128157,0.590751955,71.04549126
V75,V16A,V16,miranga,coarse,miranga,home,3,farm,dura,1.67,1.418722,1.126219472,0.73,2.03,1.3,8.9376,10.1267,9.6808,0.625010512,0.487486334,43.28519851
V76,V19A,V19,miranga,coarse,miranga,home,3,farm,dura,1.22,1.033252,0.817804925,0.58,1.62,1.04,9.6246,10.6415,10.2477,0.612744616,0.402745599,49.2471477
V77,V16B,V16,miranga,coarse,miranga,home,2,farm,dura,1.58,1.341628,1.064536563,0.48,4.8,4.32,9.2078,11.8498,11.104,0.717713853,1.219476154,100
V78,V18C,V18,miranga,coarse,miranga,home,3,farm,dura,0.87,0.733442,0.577926944,0.68,1.93,1.25,10.2129,11.4012,10.9769,0.642935286,0.446330893,77.22963903
V8,V1B,V1,miranga,fine,nyakagera,away,3,forest,dura,1.33,1.127478,0.893195148,1,2.31,1.31,8.331,9.5633,8.8934,0.456382374,0.71213909,79.72939522
V80,V19B,V19,miranga,coarse,miranga,home,1,farm,dura,1.04,0.879064,0.694439106,0.75,2.04,1.29,9.8565,10.9571,10.4178,0.509994548,0.632107033,91.02411237
V9,V7A,V7,miranga,fine,nyakagera,away,4,forest,dura,1.14,0.964724,0.762975672,0.79,1.63,0.84,10.8932,11.6137,11.2749,0.529770992,0.394992366,51.76998176
,,,,,,,,,,,,,,,,,,,,,
,,,,,,,,,,,,,,,,,,,,,
,,,,,,,,,,,,,,,,,,,,,